{
  "timestamp": "2026-01-24T12:33:32.548Z",
  "commit": "0de9ed5",
  "branch": "spike/engine-performance",
  "nodeVersion": "v18.20.8",
  "platform": "darwin",
  "cpuCount": 6,
  "cpuModel": "Intel(R) Core(TM) i5-9600K CPU @ 3.70GHz",
  "configVersion": "1.0.0",
  "results": [
    {
      "config": {
        "name": "small",
        "policies": 1000,
        "scenarios": 100,
        "description": "Small scale for quick testing"
      },
      "nativeMs": null,
      "wasmSingleMs": 16.829335,
      "wasmMultiMs": 181.7741720676422,
      "wasmWorkers": 8,
      "memoryMb": 0.3707427978515625,
      "projectionsPerSecond": 550133.1617276616,
      "policiesPerSecond": 5501.331617276616,
      "scenariosPerSecond": 550.1331617276616,
      "meanNpv": -35367369.43275086,
      "stdDev": 313634.6523860214
    },
    {
      "config": {
        "name": "medium",
        "policies": 1000,
        "scenarios": 1000,
        "description": "Medium scale benchmark"
      },
      "nativeMs": null,
      "wasmSingleMs": 94.183215,
      "wasmMultiMs": 199.25854003429413,
      "wasmWorkers": 8,
      "memoryMb": 1.040985107421875,
      "projectionsPerSecond": 5018605.475217731,
      "policiesPerSecond": 5018.605475217731,
      "scenariosPerSecond": 5018.605475217731,
      "meanNpv": -35382205.77752981,
      "stdDev": 321019.0197257963
    },
    {
      "config": {
        "name": "target-single",
        "policies": 10000,
        "scenarios": 1000,
        "description": "Target scale for single-threaded WASM"
      },
      "nativeMs": 2.37,
      "wasmSingleMs": 928.636398,
      "wasmMultiMs": 382.0842379331589,
      "wasmWorkers": 8,
      "memoryMb": 0.0993194580078125,
      "projectionsPerSecond": 26172239.017484363,
      "policiesPerSecond": 26172.239017484364,
      "scenariosPerSecond": 2617.223901748436,
      "meanNpv": -353962194.05465686,
      "stdDev": 3216904.3147888687
    },
    {
      "config": {
        "name": "target-multi",
        "policies": 10000,
        "scenarios": 1000,
        "description": "Target scale for multi-threaded WASM (8 workers)"
      },
      "nativeMs": null,
      "wasmSingleMs": 931.602474,
      "wasmMultiMs": 524.5876430273056,
      "wasmWorkers": 8,
      "memoryMb": 0.0013275146484375,
      "projectionsPerSecond": 19062591.60488743,
      "policiesPerSecond": 19062.591604887428,
      "scenariosPerSecond": 1906.259160488743,
      "meanNpv": -353962194.05465686,
      "stdDev": 3216904.3147888687
    },
    {
      "config": {
        "name": "large",
        "policies": 100000,
        "scenarios": 1000,
        "description": "Large scale stress test"
      },
      "nativeMs": 2.36,
      "wasmSingleMs": 16819.556472,
      "wasmMultiMs": 3341.226289987564,
      "wasmWorkers": 8,
      "memoryMb": 0.0013275146484375,
      "projectionsPerSecond": 29929131.19942325,
      "policiesPerSecond": 29929.13119942325,
      "scenariosPerSecond": 299.2913119942325,
      "meanNpv": -3540258646.1215224,
      "stdDev": 32186917.909699164
    },
    {
      "config": {
        "name": "scenario-heavy",
        "policies": 1000,
        "scenarios": 10000,
        "description": "Many scenarios for distribution analysis"
      },
      "nativeMs": null,
      "wasmSingleMs": 1687.52821,
      "wasmMultiMs": 369.0005090236664,
      "wasmWorkers": 8,
      "memoryMb": 4.15185546875,
      "projectionsPerSecond": 27100233.61880684,
      "policiesPerSecond": 2710.0233618806838,
      "scenariosPerSecond": 27100.23361880684,
      "meanNpv": -35387333.03346798,
      "stdDev": 315756.5351464203
    }
  ],
  "summary": {
    "targetsChecked": 4,
    "targetsPassed": 4,
    "targetsFailed": [],
    "regressions": []
  }
}