age,male,female
0,0.00100,0.00080
1,0.00070,0.00056
2,0.00050,0.00040
3,0.00040,0.00032
4,0.00035,0.00028
5,0.00030,0.00024
10,0.00020,0.00016
15,0.00040,0.00025
20,0.00080,0.00040
25,0.00090,0.00050
30,0.00100,0.00060
35,0.00150,0.00090
40,0.00250,0.00150
45,0.00400,0.00250
50,0.00650,0.00400
55,0.01050,0.00650
60,0.01700,0.01050
65,0.02750,0.01700
70,0.04400,0.02750
75,0.07000,0.04400
80,0.11000,0.07000
85,0.17000,0.11000
90,0.26000,0.17000
95,0.38000,0.26000
100,0.55000,0.40000
